model,vectorizer,accuracy,missclassification,recall_sensitivity,specificity,precision,f1
LogisticRegression,CountVectorizer,0.9583701088555456,0.0416298911444542,0.9340982641953516,0.98264195351574,0.981756338899196,0.9573345394240916
NaiveBayes,CountVectorizer,0.9558693733451016,0.0441306266548985,0.9752868490732568,0.936451897616946,0.9388275276125744,0.9567099567099568
RandomForest,CountVectorizer,0.8939393939393939,0.106060606060606,0.7990585466313621,0.9888202412474256,0.9862018881626724,0.8828213879408418
LogisticRegression,TF-IDFVectorizer,0.9616063548102384,0.0383936451897617,0.941747572815534,0.9814651368049426,0.9806985294117648,0.9608284556506078
NaiveBayes,TF-IDFVectorizer,0.96087084436599,0.0391291556340099,0.975581053250956,0.9461606354810238,0.947699342669334,0.96143809799942
RandomForest,TF-IDFVectorizer,0.86525448661371,0.13474551338629,0.7349220358929097,0.9955869373345102,0.9940310385992838,0.8450608930987822
