model,vectorizer,accuracy,missclassification,recall_sensitivity,specificity,precision,f1
LogisticRegression,TF-IDFVectorizer,0.9737635705669482,0.0262364294330518,0.9940682155215028,0.9419953596287703,0.964046021093001,0.978826965198345
RandomForest,TF-IDFVectorizer,0.9574788902291916,0.0425211097708082,0.990608007909046,0.905645784996133,0.942615239887112,0.9660159074475778
KernelSupportVectorClassifier,TF-IDFVectorizer,0.9719541616405308,0.0280458383594692,0.9930795847750864,0.9389017788089714,0.9621647509578544,0.9773777669666748
